name,d,a,Dist_pix,Angle_rad,ROC_precise,ROC,bias,ASM,contrast,correlation,dissimilarity,energy,entropy,homogeneity,mean,std,variance
n_t_d_3_a_4_SVM_C_1_k_linear,[10],[-0.78539816],10,-0.78539816,0.709148598625066,0.71,-0.04822733999323,-0.013642914125633,0.26287710766778,0.767489011386477,0.937080431188079,-0.368179846088009,-0.227350144894493,0.07264655095389,-1.81106443139614,1.76816305691375,-1.00711866437557
n_t_d_15_a_4_SVM_C_1_k_linear,[13],[-0.78539816],13,-0.78539816,0.709413008989952,0.71,-0.010958402663801,-0.040481088385026,0.125898158172937,0.445094884521683,0.934368593394536,-0.441805641455283,-0.408051775542284,0.045378751565276,-1.6669365655974,1.88675268489565,-0.911250802873953
n_t_d_2_a_4_SVM_C_1_k_linear,[20],[-0.78539816],20,-0.78539816,0.711263881544157,0.71,-0.009130125599708,0.010168828371663,-0.388168861087302,0.23812079722511,1.26444789565971,-0.321072866769194,-0.447806973509037,0.003483285155682,-1.42324076183773,1.94485920989946,-0.818588251112342
n_t_d_16_a_4_SVM_C_1_k_linear,[14],[-0.78539816],14,-0.78539816,0.712321523003702,0.71,-0.008817188681345,-0.062367193196859,-0.03960384370126,0.367120182237786,1.01174553276906,-0.423951983106765,-0.507011133102002,-0.002618220591777,-1.59664290542912,1.90069994880224,-0.840705108653382
n_t_d_8_a_4_SVM_C_1_k_linear,[15],[-0.78539816],15,-0.78539816,0.712850343733474,0.71,-0.021398800628843,-0.005256362139085,-0.147602532636464,0.325545350707033,1.08990767421945,-0.418409154390839,-0.535036870797988,-0.039808082818872,-1.53314478620385,1.90683120747951,-0.82189774894141
n_t_d_13_a_4_SVM_C_1_k_linear,[11],[-0.78539816],11,-0.78539816,0.713114754098361,0.71,-0.011866062978876,-0.026445300030659,0.076497428630368,0.48039211521972,0.948596015607286,-0.394619394956164,-0.354091402901779,0.064756367965278,-1.6638351933241,1.91134245590752,-0.926908646281416
n_t_d_11_a_4_SVM_C_1_k_linear,[8],[-0.78539816],8,-0.78539816,0.713379164463247,0.71,-0.066561412405385,-0.040870196557631,0.170644848159433,0.866624725675462,1.01204358864793,-0.232144674935863,-0.160625402567099,0.052127675435163,-1.82507184712889,1.71899700759353,-0.994741853605253
n_t_d_12_a_4_SVM_C_1_k_linear,[9],[-0.78539816],9,-0.78539816,0.713379164463247,0.71,-0.066561412405385,-0.040870196557631,0.170644848159433,0.866624725675462,1.01204358864793,-0.232144674935863,-0.160625402567099,0.052127675435163,-1.82507184712889,1.71899700759353,-0.994741853605253
n_t_d_14_a_4_SVM_C_1_k_linear,[12],[-0.78539816],12,-0.78539816,0.713643574828133,0.71,-0.011866062978876,-0.026445300030659,0.076497428630368,0.48039211521972,0.948596015607286,-0.394619394956164,-0.354091402901779,0.064756367965278,-1.6638351933241,1.91134245590752,-0.926908646281416
n_t_d_1_a_4_SVM_C_1_k_linear,[1],[-0.78539816],1,-0.78539816,0.717609730301428,0.72,-0.099779076763712,-0.163596866445851,0.65268955857507,1.20251931718388,0.481616344100015,-0.148974612486298,-0.046396684535253,-0.045070250403817,-2.07062205342993,1.76167756942402,-1.00892179260212
n_t_d_5_a_4_SVM_C_1_k_linear,[2],[-0.78539816],2,-0.78539816,0.717609730301428,0.72,-0.099779076763712,-0.163596866445851,0.65268955857507,1.20251931718388,0.481616344100015,-0.148974612486298,-0.046396684535253,-0.045070250403817,-2.07062205342993,1.76167756942402,-1.00892179260212
n_t_d_13_a_1_SVM_C_1_k_linear,[11],[0],11,0,0.7181385510312,0.72,-0.012970166745799,-0.051702249349864,-0.876471242578267,0.250416252001583,1.4310359056992,-0.209267187167238,-0.617581255230914,-0.131890517986812,-1.42420997726524,2.10700822344153,-0.588025588798987
n_t_d_10_a_4_SVM_C_1_k_linear,[7],[-0.78539816],7,-0.78539816,0.719196192490746,0.72,-0.071649976021263,0.010903665214662,0.370156170386041,1.05182240759734,0.93619355175808,-0.227196086192349,-0.055516201572474,0.021882187189868,-1.93751079946879,1.59955302168461,-1.03660743125775
n_t_d_7_a_4_SVM_C_1_k_linear,[3],[-0.78539816],3,-0.78539816,0.721840296139609,0.72,-0.090608894946631,-0.06907460318588,0.600128545640941,1.22505760371779,0.611332818663283,-0.122097806640747,-0.066633203493251,-0.188508702735015,-2.10953322733877,1.71637685616061,-1.03979738716489
n_t_d_3_a_1_SVM_C_1_k_linear,[10],[0],10,0,0.722369116869381,0.72,-0.006827906018287,0.034089046829481,-0.786270906000246,0.309308690402999,1.38537402130524,-0.198216414436915,-0.49637049583929,-0.150422924649348,-1.4991756267934,2.08965199508339,-0.608918807673003
n_t_d_9_a_1_SVM_C_1_k_linear,[6],[0],6,0,0.722369116869381,0.72,-0.115720432915823,0.268175518832165,-0.627670312863252,0.87082317719504,1.51601360346103,-0.025825077834888,-0.047900589198331,-0.265869682144785,-2.07596095826879,1.96383348188546,-0.649367408736858
n_t_d_12_a_1_SVM_C_1_k_linear,[9],[0],9,0,0.723691168693813,0.72,-0.018639159223968,0.07154107485419,-0.735705370538194,0.376648536044933,1.38161257528471,-0.203754114321675,-0.475300107113644,-0.203227500648697,-1.61682443971762,2.13888390087885,-0.661588359023821
n_t_d_6_a_4_SVM_C_1_k_linear,[4],[-0.78539816],4,-0.78539816,0.725542041248017,0.73,-0.106869936447644,-0.061309350249082,0.556860477486556,1.22270697292022,0.724027392925711,-0.192542086065691,0.018659353875159,0.0118032888149,-2.05370907032002,1.59536504302081,-1.01464298250039
n_t_d_13_a_3_SVM_C_1_k_linear,[11],[0.78539816],11,0.78539816,0.726070861977789,0.73,-0.060008483396256,0.07973808597562,-0.57407580737976,0.5380472620342,1.04652010943364,-0.317091101486375,-0.010947140955727,0.255533026253018,-1.63823814475112,2.26627755567397,-0.795664080737845
n_t_d_14_a_3_SVM_C_1_k_linear,[12],[0.78539816],12,0.78539816,0.726070861977789,0.73,-0.060008483396256,0.07973808597562,-0.57407580737976,0.5380472620342,1.04652010943364,-0.317091101486375,-0.010947140955727,0.255533026253018,-1.63823814475112,2.26627755567397,-0.795664080737845
n_t_d_3_a_3_SVM_C_1_k_linear,[10],[0.78539816],10,0.78539816,0.72607086197779,0.73,-0.034768020203393,-0.011127031001379,-0.48169383671913,0.580284556603677,0.963359188214189,-0.339891906145768,-0.023943174601114,0.308864506057931,-1.68587771907803,2.24560299020039,-0.804987958104649
n_t_d_10_a_1_SVM_C_1_k_linear,[7],[0],7,0,0.727128503437335,0.73,-0.05941073256182,0.242473702204166,-0.631397615734342,0.621961126131226,1.44107017885868,-0.174515887213715,-0.331750017522661,-0.281391042356474,-1.7965807642589,2.03252580976138,-0.727570383003431
n_t_d_4_a_4_SVM_C_1_k_linear,[5],[-0.78539816],5,-0.78539816,0.727657324167107,0.73,-0.08650787988426,-0.022514006128727,0.498923114819777,1.19695712041866,0.835289234333392,-0.178241572690455,0.006566780199785,-0.005863056515437,-2.06284657950998,1.60579313026689,-1.05251404550501
n_t_d_9_a_4_SVM_C_1_k_linear,[6],[-0.78539816],6,-0.78539816,0.727657324167107,0.73,-0.08650787988426,-0.022514006128727,0.498923114819777,1.19695712041866,0.835289234333392,-0.178241572690455,0.006566780199785,-0.005863056515437,-2.06284657950998,1.60579313026689,-1.05251404550501
n_t_d_2_a_3_SVM_C_1_k_linear,[20],[0.78539816],20,0.78539816,0.728714965626653,0.73,-0.01237711352376,0.136394102758583,-1.05558550548953,0.297070019181676,1.33702947833981,-0.078885099538323,-0.091062964692064,-0.018182675938527,-1.43147971762006,2.33745160902299,-0.687288415034366
n_t_d_15_a_3_SVM_C_1_k_linear,[13],[0.78539816],13,0.78539816,0.728714965626653,0.73,-0.069789312293571,0.180925439436363,-0.69810787795813,0.502868051074454,1.12171748746401,-0.265618507004357,-0.034932408687757,0.126544842451186,-1.5810633325441,2.29442444842451,-0.788511912872033
n_t_d_11_a_1_SVM_C_1_k_linear,[8],[0],8,0,0.729508196721311,0.73,-0.029386267371662,0.150004531841343,-0.697062653046422,0.506616866203003,1.44578287615365,-0.118889880478033,-0.40061966916789,-0.259341360971447,-1.6440004444311,1.97002663398035,-0.670180941520323
n_t_d_14_a_1_SVM_C_1_k_linear,[12],[0],12,0,0.729508196721311,0.73,-0.04002145479027,-0.130731416315091,-0.901812368460134,0.140413229454516,1.27162142900984,-0.252473073325548,-0.71495819827363,-0.090680864642517,-1.28312855711924,2.16201113327339,-0.550481977336006
n_t_d_2_a_1_SVM_C_1_k_linear,[20],[0],20,0,0.73030142781597,0.73,-0.047818339126832,-0.255610446384436,-0.888534004860048,-0.012619484150048,1.06964837660091,-0.104236870747159,-0.416998893576151,0.084349865449631,-1.2242508335542,2.32873618183989,-0.567865269091505
n_t_d_4_a_1_SVM_C_1_k_linear,[5],[0],5,0,0.73030142781597,0.73,-0.104909870553388,0.266021993246002,-0.583988164472361,1.01387108352955,1.41425368098955,0.061941767516203,0.028125878582795,-0.359878289725896,-2.20621246319742,1.88016502846376,-0.516541313036631
n_t_d_11_a_3_SVM_C_1_k_linear,[8],[0.78539816],8,0.78539816,0.731359069275516,0.73,-0.029448295096612,-0.042127475738303,-0.446108646055211,0.582678536646867,0.878075607472752,-0.303420832515472,-0.020647773391607,0.300312890955235,-1.66504485037268,2.21970169641905,-0.771321504427814
n_t_d_12_a_3_SVM_C_1_k_linear,[9],[0.78539816],9,0.78539816,0.731359069275516,0.73,-0.029448295096612,-0.042127475738303,-0.446108646055211,0.582678536646867,0.878075607472752,-0.303420832515472,-0.020647773391607,0.300312890955235,-1.66504485037268,2.21970169641905,-0.771321504427814
n_t_d_15_a_1_SVM_C_1_k_linear,[13],[0],13,0,0.732416710735061,0.73,-0.0275880685235,-0.201101270856051,-0.980017852432643,0.071777364307252,1.2156759100929,-0.251816356997947,-0.668362408848792,0.009729524037617,-1.24917600084245,2.24313081236831,-0.526962014891133
n_t_d_16_a_3_SVM_C_1_k_linear,[14],[0.78539816],14,0.78539816,0.733474352194606,0.73,-0.059897067587348,0.240808771594094,-0.84330448325285,0.448962569954219,1.18124734946925,-0.201011892469536,-0.056684781188337,0.024108256761736,-1.51255807141868,2.32021393668973,-0.758833750202694
n_t_d_16_a_1_SVM_C_1_k_linear,[14],[0],14,0,0.733474352194606,0.73,-0.026123754706798,-0.178330653928225,-1.00543881008281,0.04624337966337,1.18932983165431,-0.208016465502424,-0.627037345696204,-0.024721104782395,-1.2413440721422,2.28285188147059,-0.516461524556888
n_t_d_6_a_1_SVM_C_1_k_linear,[4],[0],4,0,0.734003172924379,0.73,-0.083015013469149,0.118969970002452,-0.538366501586058,1.05463354997495,1.3816988733907,-0.076960153181208,-0.172460847781022,-0.31554585135283,-2.27994022703418,1.85942949164625,-0.469655456012581
n_t_d_8_a_1_SVM_C_1_k_linear,[15],[0],15,0,0.734003172924379,0.73,-0.026962613180326,-0.193251780908924,-0.991793200542518,0.04043797408731,1.1822630033846,-0.211122455645171,-0.580115999918726,0.041282700344783,-1.22145627951657,2.28042298018432,-0.535876234937297
n_t_d_8_a_3_SVM_C_1_k_linear,[15],[0.78539816],15,0.78539816,0.735060814383924,0.74,-0.052042195934421,0.24221306256493,-0.849109309577608,0.427796594903086,1.24453767239288,-0.159970002823445,-0.06561660198336,-0.026539258619123,-1.51681878855508,2.27687865536705,-0.741501757279508
n_t_d_1_a_1_SVM_C_1_k_linear,[1],[0],1,0,0.737176097303014,0.74,-0.080171908151826,-0.09855490815731,-0.383211567140185,1.04383745927272,1.15295460147824,-0.2928277803157,-0.380587229852296,0.084940011718886,-1.9710136394653,1.81545552546863,-0.534122790507237
n_t_d_10_a_3_SVM_C_1_k_linear,[7],[0.78539816],7,0.78539816,0.737704918032787,0.74,-0.051583979959743,-0.026134549659789,-0.490348636693258,0.587749477753332,0.848729819130388,-0.275916557313351,-0.057291943408276,0.275729254846983,-1.5827919747796,2.2466454232554,-0.782264379183505
n_t_d_4_a_3_SVM_C_1_k_linear,[5],[0.78539816],5,0.78539816,0.738233738762559,0.74,-0.046145655080907,-0.04518424821395,-0.472259361829576,0.674959820334111,0.900072653519231,-0.254350894255151,-0.00506435131374,0.312447045221141,-1.67752311562649,2.22301291807463,-0.75957506794188
n_t_d_9_a_3_SVM_C_1_k_linear,[6],[0.78539816],6,0.78539816,0.738762559492332,0.74,-0.046145655080907,-0.04518424821395,-0.472259361829576,0.674959820334111,0.900072653519231,-0.254350894255151,-0.00506435131374,0.312447045221141,-1.67752311562649,2.22301291807463,-0.75957506794188
n_t_d_7_a_1_SVM_C_1_k_linear,[3],[0],3,0,0.739291380222105,0.74,-0.089271308438502,0.058896544087123,-0.473483612991754,1.0953138116815,1.35244694322825,-0.145440901737859,-0.331703447259916,-0.297835132809658,-2.21894596762667,1.79865706662004,-0.4837296699905
n_t_d_5_a_1_SVM_C_1_k_linear,[2],[0],2,0,0.74034902168165,0.74,-0.106237194235713,0.055291779544306,-0.375746726632459,1.07911114195328,1.21513145847635,-0.202889274770818,-0.329464169768854,-0.19982515728147,-2.13942887439555,1.77154057976024,-0.482704952455915
n_t_d_1_a_3_SVM_C_1_k_linear,[1],[0.78539816],1,0.78539816,0.74246430460074,0.74,-0.085296672821024,0.020905688795134,-0.026276720576382,0.858874537582873,0.625559295046134,-0.317762971702221,-0.138881341721442,0.057302212388066,-1.8449578532473,2.2647815239943,-0.912535960821827
n_t_d_5_a_3_SVM_C_1_k_linear,[2],[0.78539816],2,0.78539816,0.74246430460074,0.74,-0.085296672821024,0.020905688795134,-0.026276720576382,0.858874537582873,0.625559295046134,-0.317762971702221,-0.138881341721442,0.057302212388066,-1.8449578532473,2.2647815239943,-0.912535960821827
n_t_d_15_a_2_SVM_C_1_k_linear,[13],[1.57079633],13,1.57079633,0.744050766790058,0.74,-0.121428777940427,-0.097580864458669,0.433064723774864,0.869780323727258,0.834336835730437,-0.356287473533171,-0.267097842002185,0.394763066648697,-1.51288759616478,1.52387906270534,-1.12617760384732
n_t_d_16_a_2_SVM_C_1_k_linear,[14],[1.57079633],14,1.57079633,0.745637228979376,0.75,-0.118629029962506,-0.044596841351959,0.288059630904606,0.81250308776814,0.919622200972479,-0.370595292759135,-0.375851824427234,0.280441437555878,-1.48361071643217,1.54799874472805,-1.0858538611927
n_t_d_1_a_2_SVM_C_1_k_linear,[1],[1.57079633],1,1.57079633,0.746166049709149,0.75,-0.086292813640742,0.055907850027892,0.874567928033417,0.916195647797116,0.238723302377397,-0.149111324145283,0.420789950960578,0.626487041444351,-1.25339734140343,1.65761880869368,-1.36080023854783
n_t_d_8_a_2_SVM_C_1_k_linear,[15],[1.57079633],15,1.57079633,0.746694870438921,0.75,-0.135037724078141,-0.045590189185526,0.137782345263405,0.805415676596698,1.06772776872165,-0.379651481683568,-0.560289636788241,0.125620713628064,-1.57070981866348,1.54806019363842,-0.997227840152274
n_t_d_6_a_3_SVM_C_1_k_linear,[4],[0.78539816],4,0.78539816,0.747223691168694,0.75,-0.067205232577924,0.052281727066051,-0.321146238472922,0.798385151740315,0.814850425907092,-0.258243542305269,-0.06242427537521,0.101718326835813,-1.76733426151194,2.21801619860719,-0.814372114657383
n_t_d_7_a_3_SVM_C_1_k_linear,[3],[0.78539816],3,0.78539816,0.747752511898467,0.75,-0.078940155157338,0.03777000107231,-0.171040019654529,0.886835099987623,0.750883247088862,-0.284900487068235,-0.085001806171344,0.07883220137451,-1.83393639980291,2.19466768692765,-0.854392197437417
n_t_d_14_a_2_SVM_C_1_k_linear,[12],[1.57079633],12,1.57079633,0.748810153358012,0.75,-0.18011256760135,-0.11945230669882,0.680539988091816,0.989473091409995,0.630191304170446,-0.363844274135279,-0.111559747494864,0.494310552177025,-1.4528547033699,1.44849253468262,-1.22196843191337
n_t_d_5_a_2_SVM_C_1_k_linear,[2],[1.57079633],2,1.57079633,0.750925436277102,0.75,-0.120601680468676,-0.019036053683511,0.94964284882981,1.04023392045841,0.190723431761113,-0.1183883503849,0.151201518356313,0.301734262097821,-1.36800253762983,1.58060159563927,-1.34319576748261
n_t_d_6_a_2_SVM_C_1_k_linear,[4],[1.57079633],4,1.57079633,0.751454257006875,0.75,-0.134409516556666,-0.187410286038359,1.00539829668729,1.09563138540461,0.263130098309484,-0.283471991639368,0.076311500501228,0.590072026934327,-1.38981928993002,1.5036432240982,-1.38749974936753
n_t_d_7_a_2_SVM_C_1_k_linear,[3],[1.57079633],3,1.57079633,0.75251189846642,0.75,-0.133442325431794,-0.121654344029302,0.964844123955326,1.06386633909082,0.239903006299947,-0.205975452707952,0.049141160350656,0.413560078483539,-1.37918258329956,1.57761240639075,-1.38156091470356
n_t_d_13_a_2_SVM_C_1_k_linear,[11],[1.57079633],11,1.57079633,0.753569539925965,0.75,-0.148640056696966,-0.103803921593992,0.908952729065591,1.03034475009397,0.394937006142295,-0.450050714940561,0.003943214275508,0.615979691346892,-1.37204625699797,1.39440398468043,-1.28219613281317
n_t_d_9_a_2_SVM_C_1_k_linear,[6],[1.57079633],6,1.57079633,0.754098360655738,0.75,-0.128885894136698,-0.236858232078444,1.0743927065264,1.10638557300206,0.219232026608706,-0.353701162942538,0.2614809577767,0.834250996156708,-1.43578188130367,1.43541936197934,-1.36877913529431
n_t_d_10_a_2_SVM_C_1_k_linear,[7],[1.57079633],7,1.57079633,0.754098360655738,0.75,-0.125919013500533,-0.193122676154464,1.10191095621743,1.11518823615447,0.211645467942776,-0.385606818129892,0.250353792572873,0.7952689470119,-1.43973101285373,1.38950270387573,-1.35762482565131
n_t_d_2_a_2_SVM_C_1_k_linear,[20],[1.57079633],20,1.57079633,0.75462718138551,0.75,-0.120879900195066,0.3055682220737,-0.20067925304719,0.778035988761984,1.46789335842533,-0.289024930013745,-0.549450825220767,-0.228268837343587,-1.61808328007106,1.47942764970989,-0.903371761650314
n_t_d_4_a_2_SVM_C_1_k_linear,[5],[1.57079633],5,1.57079633,0.756213643574828,0.76,-0.133736481638088,-0.207907246029133,1.04390088573154,1.11641076220252,0.249117451387171,-0.310646454826593,0.132712510175333,0.670531155184044,-1.4128525313158,1.42908260799147,-1.35479199058958
n_t_d_11_a_2_SVM_C_1_k_linear,[8],[1.57079633],8,1.57079633,0.756478053939714,0.76,-0.136058952989219,-0.188192185983851,1.08843848266179,1.11215881390331,0.227384408577015,-0.437593743319724,0.302559929384289,0.905610849467693,-1.40045221272345,1.37170100683571,-1.36795123011657
n_t_d_3_a_2_SVM_C_1_k_linear,[10],[1.57079633],10,1.57079633,0.756742464304601,0.76,-0.1468419045656,-0.127704669593363,1.06089779170364,1.11395842036235,0.315097002203435,-0.45521263847511,0.185925113468995,0.789143001551723,-1.38731765193377,1.34797204437912,-1.38505035923946
n_t_d_12_a_2_SVM_C_1_k_linear,[9],[1.57079633],9,1.57079633,0.757800105764146,0.76,-0.149418772718525,-0.169465860038741,1.10455380985027,1.12476059888539,0.244186699086547,-0.449092589680611,0.346537574460623,0.938195474271278,-1.43712680481818,1.34756320638483,-1.35324939052589
